Names,Rating,Rating Score,Number of Ratings,Discount %,Discount Price,Normal Price,Release Date,Win,Linux,Mac,Scrape Time
Sid Meier’s Civilization® VI,Mixed,4,"43,092",-70%,"17,99","59,99","20 Oct, 2016",True,True,True,2019-10-17 00:00:30.786602
POSTAL 4: No Regerts,Very Positive,7,"1,183",-10%,"15,11","16,79","14 Oct, 2019",True,False,False,2019-10-17 00:00:30.786602
Hell Let Loose,Mostly Positive,5,"3,877",-20%,"23,99","29,99","6 Jun, 2019",True,False,False,2019-10-17 00:00:30.786602
STEINS;GATE SERIES BUNDLE,Overwhelmingly Positive,8,"8,044",-64%,"42,09","116,97",,True,False,False,2019-10-17 00:00:30.786602
Wolfenstein II: The New Colossus,Mostly Positive,5,"10,261",-60%,"23,99","59,99","26 Oct, 2017",True,False,False,2019-10-17 00:00:30.786602
Ancestors Legacy,Mostly Positive,5,"1,745",-66%,"10,20","29,99","22 May, 2018",True,False,False,2019-10-17 00:00:30.786602
The Escapists 2,Very Positive,7,"6,111",-70%,"5,99","19,99","21 Aug, 2017",True,True,True,2019-10-17 00:00:30.786602
Rebel Inc: Escalation,Very Positive,7,125,-10%,"13,49","14,99","15 Oct, 2019",True,False,False,2019-10-17 00:00:30.786602
IL-2 Sturmovik: Battle of Stalingrad,Mostly Positive,5,"1,918",-75%,"11,74","46,99","22 Oct, 2014",True,False,False,2019-10-17 00:00:30.786602
Battle Brothers,Very Positive,7,"6,833",-67%,"9,24","27,99","24 Mar, 2017",True,False,False,2019-10-17 00:00:30.786602
Overcooked! 2,Very Positive,7,"6,439",-40%,"13,79","22,99","7 Aug, 2018",True,True,True,2019-10-17 00:00:30.786602
Wolfenstein: The Two Pack,Very Positive,7,"27,766",-50%,"14,99","29,99","4 May, 2015",True,False,False,2019-10-17 00:00:30.786602
Wolfenstein: The New Order,Very Positive,7,"22,037",-50%,"9,99","19,99","19 May, 2014",True,False,False,2019-10-17 00:00:30.786602
STEINS;GATE 0,Overwhelmingly Positive,8,"1,627",-60%,"11,99","29,99","8 May, 2018",True,False,False,2019-10-17 00:00:30.786602
STEINS;GATE,Overwhelmingly Positive,8,"5,997",-60%,"10,79","26,99","9 Sep, 2016",True,False,False,2019-10-17 00:00:30.786602
Sid Meier's Civilization VI : Platinum Edition,Mixed,4,"49,623",-72%,"47,75","167,91",,True,True,True,2019-10-17 00:00:30.786602
Worms W.M.D,Mostly Positive,5,"2,271",-75%,"7,49","29,99","23 Aug, 2016",True,True,True,2019-10-17 00:00:30.786602
We Were Here Together,Very Positive,7,277,-5%,"12,34","12,99","10 Oct, 2019",True,False,True,2019-10-17 00:00:30.786602
DiRT Rally 2.0,Mixed,4,"2,212",-60%,"21,99","54,99","25 Feb, 2019",True,False,False,2019-10-17 00:00:30.786602
Ancestors Legacy - Complete Edition,Mostly Positive,5,"1,799",-73%,"13,53","50,96",,True,False,False,2019-10-17 00:00:30.786602
Forager,Very Positive,7,"6,088",-20%,"15,99","19,99","18 Apr, 2019",True,False,False,2019-10-17 00:00:30.786602
Wolfenstein: Youngblood,Mixed,4,"3,910",-20%,"23,99","29,99","25 Jul, 2019",True,False,False,2019-10-17 00:00:30.786602
Golf With Your Friends,Very Positive,7,"15,377",-35%,"4,54","6,99","29 Jan, 2016",True,True,True,2019-10-17 00:00:30.786602
My Time At Portia,Very Positive,7,"11,544",-25%,"22,49","29,99","15 Jan, 2019",True,False,False,2019-10-17 00:00:30.786602
EARTH DEFENSE FORCE: IRON RAIN,Mixed,4,104,-20%,"39,99","49,99","15 Oct, 2019",True,False,False,2019-10-17 00:00:31.921764
Beat Hazard 2,Very Positive,7,388,-15%,"13,59","15,99","16 Oct, 2019",True,False,False,2019-10-17 00:00:31.921764
SUPERHOT VR,Very Positive,7,"2,745",-33%,"15,40","22,99","25 May, 2017",True,False,False,2019-10-17 00:00:31.921764
Radio Commander,Very Positive,7,256,-25%,"12,59","16,79","10 Oct, 2019",True,False,True,2019-10-17 00:00:31.921764
Killing Floor 2,Very Positive,7,"51,721",-50%,"13,99","27,99","18 Nov, 2016",True,False,False,2019-10-17 00:00:31.921764
STEINS;GATE + STEINS;GATE 0,Overwhelmingly Positive,8,"7,624",-64%,"20,50","56,98",,True,False,False,2019-10-17 00:00:31.921764
Overcooked! 1 & 2 Bundle,Very Positive,7,"12,887",-59%,"16,--","38,98",,True,False,False,2019-10-17 00:00:31.921764
Rise to Ruins,Very Positive,7,"3,675",-30%,"8,74","12,49","14 Oct, 2019",True,True,True,2019-10-17 00:00:31.921764
Budget Cuts,Mostly Positive,5,659,-50%,"13,99","27,98","14 Jun, 2018",True,False,False,2019-10-17 00:00:31.921764
The Escapists 2 - Game of the Year Edition,Very Positive,7,"6,216",-67%,"11,84","35,95",,True,True,True,2019-10-17 00:00:31.921764
Gensokyo Night Festival,Very Positive,7,"1,042",-10%,"9,71","10,79","13 Oct, 2019",True,False,False,2019-10-17 00:00:31.921764
Overcooked,Very Positive,7,"6,448",-75%,"3,99","15,99","3 Aug, 2016",True,False,False,2019-10-17 00:00:31.921764
Franchise Hockey Manager 6,Mostly Positive,5,19,-10%,"30,59","33,99","11 Oct, 2019",True,False,True,2019-10-17 00:00:31.921764
Worms Armageddon,Very Positive,7,"2,809",-80%,"2,99","14,99","19 Mar, 2013",True,False,False,2019-10-17 00:00:31.921764
Blasphemous,Mostly Positive,5,"1,503",-15%,"21,24","24,99","10 Sep, 2019",True,False,False,2019-10-17 00:00:31.921764
DiRT Rally,Very Positive,7,"16,379",-82%,"6,29","34,99","7 Dec, 2015",True,True,True,2019-10-17 00:00:31.921764
Circle Empires,Very Positive,7,"1,076",-40%,"3,95","6,59","8 Aug, 2018",True,True,True,2019-10-17 00:00:31.921764
Barotrauma,Very Positive,7,"1,409",-25%,"18,74","24,99","5 Jun, 2019",True,True,True,2019-10-17 00:00:31.921764
SUPERHOT MIND IS SOFTWARE BUNDLE,Very Positive,7,"14,313",-33%,"30,71","45,98",,True,False,False,2019-10-17 00:00:31.921764
Yoku's Island Express,Overwhelmingly Positive,8,554,-75%,"4,99","19,99","29 May, 2018",True,False,False,2019-10-17 00:00:31.921764
嗜血印 Bloody Spell,Very Positive,7,"4,122",-51%,"8,22","16,79","15 Jan, 2019",True,False,False,2019-10-17 00:00:31.921764
Yooka-Laylee,Mostly Positive,5,"1,688",-75%,"9,99","39,99","11 Apr, 2017",True,True,True,2019-10-17 00:00:31.921764
Pine,Mixed,4,349,-10%,"18,89","20,99","10 Oct, 2019",True,True,True,2019-10-17 00:00:31.921764
Battle Brothers & All DLC,Very Positive,7,"7,344",-43%,"26,81","46,97",,True,False,False,2019-10-17 00:00:31.921764
Touhou Luna Nights,Overwhelmingly Positive,8,"4,930",-25%,"11,24","14,99","25 Feb, 2019",True,False,False,2019-10-17 00:00:33.421884
Frostpunk: Season Pass,Mixed,4,218,-30%,"23,77","33,97",,True,False,False,2019-10-17 00:00:33.421884
Worms Ultimate Mayhem,Very Positive,7,"1,878",-75%,"3,24","12,99","28 Sep, 2011",True,False,False,2019-10-17 00:00:33.421884
Wolfenstein: The Old Blood,Very Positive,7,"5,729",-50%,"9,99","19,99","4 May, 2015",True,False,False,2019-10-17 00:00:33.421884
Blasphemous Digital Deluxe Edition,Mostly Positive,5,"1,537",-22%,"29,61","37,95",,True,False,False,2019-10-17 00:00:33.421884
The Escapists 1 & 2 Ultimate Collection,Very Positive,7,"18,207",-67%,"20,41","61,90",,True,True,True,2019-10-17 00:00:33.421884
Worms Reloaded,Very Positive,7,"2,015",-80%,"3,99","19,99","26 Aug, 2010",True,True,True,2019-10-17 00:00:33.421884
BDSM: Big Drunk Satanic Massacre,Very Positive,7,74,-10%,"15,11","16,79","10 Oct, 2019",True,False,False,2019-10-17 00:00:33.421884
Descenders,Very Positive,7,"1,192",-35%,"14,94","22,99","7 May, 2019",True,True,True,2019-10-17 00:00:33.421884
Alluris,Very Positive,7,59,-15%,"6,96","8,19","11 Oct, 2019",True,False,False,2019-10-17 00:00:33.421884
Indivisible,Mostly Positive,5,464,-10%,"35,99","39,99","8 Oct, 2019",True,True,True,2019-10-17 00:00:33.421884
The Escapists,Very Positive,7,"11,735",-75%,"3,74","14,99","13 Feb, 2015",True,True,True,2019-10-17 00:00:33.421884
SpellForce 3,Mostly Positive,5,"2,235",-67%,"16,49","49,99","7 Dec, 2017",True,False,False,2019-10-17 00:00:33.421884
Return to Castle Wolfenstein,Very Positive,7,"3,182",-50%,"4,99","9,99","3 Aug, 2007",True,False,False,2019-10-17 00:00:33.421884
Alien Breed 2: Assault,Mostly Positive,5,195,-80%,"1,99","9,99","22 Sep, 2010",True,False,False,2019-10-17 00:00:33.421884
TO THE TOP,Very Positive,7,491,-25%,"12,59","16,79","18 May, 2017",True,False,False,2019-10-17 00:00:33.421884
The Blackout Club,Very Positive,7,831,-20%,"19,99","24,99","29 Jul, 2019",True,False,False,2019-10-17 00:00:33.421884
Worms Revolution,Very Positive,7,"3,182",-80%,"2,99","14,99","10 Oct, 2012",True,False,False,2019-10-17 00:00:33.421884
【超值版】嗜血印本体+女祭司\猫咪\僵尸DLC,Very Positive,7,"4,207",-47%,"18,39","34,86",,True,False,False,2019-10-17 00:00:33.421884
Sword Legacy: Omen,Mostly Positive,5,147,-80%,"3,59","17,99","13 Aug, 2018",True,False,False,2019-10-17 00:00:33.421884
The Wizards - Enhanced Edition,Very Positive,7,214,-40%,"14,99","24,99","8 Mar, 2018",True,False,False,2019-10-17 00:00:33.421884
Stronghold Crusader 2,Mixed,4,"4,573",-90%,"2,99","29,99","22 Sep, 2014",True,False,False,2019-10-17 00:00:33.421884
RIDE 3,Mostly Positive,5,665,-50%,"24,99","49,99","30 Nov, 2018",True,False,False,2019-10-17 00:00:33.421884
Aven Colony,Mixed,4,711,-80%,"5,99","29,99","25 Jul, 2017",True,False,False,2019-10-17 00:00:34.581720
STEINS;GATE ELITE - Bonus Content Bundle,Very Positive,7,420,-60%,"23,99","59,99",,True,False,False,2019-10-17 00:00:34.581720
Sid Meier's Civilization V: Complete,Overwhelmingly Positive,8,"89,737",-78%,"30,31","136,84",,True,True,True,2019-10-17 00:00:34.581720
Team17 FAMILY Bundle,Very Positive,7,"8,690",-78%,"17,07","75,97",,True,False,False,2019-10-17 00:00:34.581720
The Settlers® 7 : History Edition,Mixed,4,66,-50%,"7,49","14,99","22 Jan, 2019",True,False,False,2019-10-17 00:00:34.581720
Wolf Pack,Very Positive,7,"5,172",-50%,"4,99","9,99",,True,False,False,2019-10-17 00:00:34.581720
Omensight: Definitive Edition,Very Positive,7,606,-50%,"8,39","16,79","15 May, 2018",True,False,False,2019-10-17 00:00:34.581720
SpellForce 3: Soul Harvest,Very Positive,7,570,-33%,"16,74","24,99","28 May, 2019",True,False,False,2019-10-17 00:00:34.581720
Worms Clan Wars,Mostly Positive,5,"1,379",-80%,"4,59","22,99","15 Aug, 2013",True,True,True,2019-10-17 00:00:34.581720
Ghost 1.0,Very Positive,7,"1,398",-60%,"5,19","12,99","6 Jun, 2016",True,False,False,2019-10-17 00:00:34.581720
Sheltered,Mostly Positive,5,"3,502",-80%,"2,59","12,99","15 Mar, 2016",True,True,True,2019-10-17 00:00:34.581720
Oriental Empires,Mostly Positive,5,"1,490",-75%,"6,99","27,99","14 Sep, 2017",True,False,False,2019-10-17 00:00:34.581720
SpellForce 3 Loyalty Pack,Mostly Positive,5,"2,805",-60%,"29,91","74,98",,True,False,False,2019-10-17 00:00:34.581720
Valfaris,Very Positive,7,119,-10%,"18,89","20,99","10 Oct, 2019",True,False,False,2019-10-17 00:00:34.581720
Worms Collection,Very Positive,7,"14,838",-82%,"38,30","209,78",,True,False,False,2019-10-17 00:00:34.581720
Overcooked: Gourmet Edition,Very Positive,7,"6,555",-76%,"4,99","20,98",,True,False,False,2019-10-17 00:00:34.581720
Machinarium,Overwhelmingly Positive,8,"4,386",-75%,"2,49","9,99","16 Oct, 2009",True,False,True,2019-10-17 00:00:34.581720
Stronghold 2: Steam Edition,Very Positive,7,784,-50%,"7,49","14,99",,True,False,False,2019-10-17 00:00:34.581720
DiRT 4,Mixed,4,"4,274",-80%,"10,99","54,99","8 Jun, 2017",True,True,True,2019-10-17 00:00:34.581720
Shadow Tactics: Blades of the Shogun,Overwhelmingly Positive,8,"7,976",-66%,"13,59","39,99","6 Dec, 2016",True,True,True,2019-10-17 00:00:34.581720
Monster Sanctuary,Very Positive,7,362,-25%,"11,99","15,99","28 Aug, 2019",True,True,True,2019-10-17 00:00:34.581720
Syrian Warfare,Very Positive,7,"2,145",-72%,"3,24","11,59","21 Feb, 2017",True,False,False,2019-10-17 00:00:34.581720
Civilization VI – Civilization & Scenario Pack Bundle,Mostly Negative,3,"3,359",-61%,"14,98","37,94",,True,True,True,2019-10-17 00:00:34.581720
Killing Floor,Overwhelmingly Positive,8,"32,251",-75%,"4,99","19,99","14 May, 2009",True,True,True,2019-10-17 00:00:34.581720
Geometry Wars™ 3: Dimensions Evolved,Very Positive,7,881,-50%,"7,49","14,99","25 Nov, 2014",True,True,False,2019-10-17 00:00:34.581720
Automachef,Mostly Positive,5,173,-25%,"11,24","14,99","23 Jul, 2019",True,False,False,2019-10-17 00:00:35.699968
We Were Here Series bundle,Very Positive,7,"12,082",-27%,"23,46","31,95",,True,False,True,2019-10-17 00:00:35.699968
Worms World Party Remastered,Mixed,4,566,-75%,"3,49","13,99","16 Jul, 2015",True,False,False,2019-10-17 00:00:35.699968
Sid Meier's Civilization®: Beyond Earth™,Mixed,4,"10,719",-75%,"9,99","39,99","24 Oct, 2014",True,True,True,2019-10-17 00:00:35.699968
Carmageddon: Max Damage,Mostly Positive,5,"1,370",-75%,"4,24","16,99","27 Oct, 2016",True,False,False,2019-10-17 00:00:35.699968
Worms,Very Positive,7,238,-80%,"1,19","5,99","19 Oct, 2011",True,False,False,2019-10-17 00:00:35.699968
Holdfast: Nations At War,Very Positive,7,"5,363",-50%,"9,99","19,99","21 Sep, 2017",True,False,False,2019-10-17 00:00:35.699968
Garden of the Sea,Very Positive,7,76,-50%,"2,49","4,99","10 Jun, 2019",True,False,False,2019-10-17 00:00:35.699968
Sniper: Ghost Warrior 2,Mostly Positive,5,"7,338",-82%,"1,79","9,99","11 Mar, 2013",True,False,False,2019-10-17 00:00:35.699968
Momodora: Reverie Under The Moonlight,Very Positive,7,"5,921",-60%,"3,99","9,99","4 Mar, 2016",True,True,True,2019-10-17 00:00:35.699968
Stronghold Crusader HD,Overwhelmingly Positive,8,"3,574",-80%,"1,59","7,99","21 Oct, 2013",True,False,False,2019-10-17 00:00:35.699968
Lost Horizon 2,Mixed,4,84,-75%,"3,74","14,99","1 Oct, 2015",True,False,False,2019-10-17 00:00:35.699968
Tech Support: Error Unknown,Mostly Positive,5,133,-44%,"5,59","9,99","27 Feb, 2019",True,True,True,2019-10-17 00:00:35.699968
Kopanito All-Stars Soccer,Very Positive,7,"1,522",-80%,"0,99","4,99","16 Nov, 2016",True,True,True,2019-10-17 00:00:35.699968
Bad North: Jotunn Edition,Very Positive,7,"1,141",-25%,"11,24","14,99","16 Nov, 2018",True,False,True,2019-10-17 00:00:35.699968
Morphies Law: Remorphed,Mostly Positive,5,31,-75%,"4,99","19,99","30 Jul, 2019",True,False,False,2019-10-17 00:00:35.699968
Hello Neighbor,Mostly Positive,5,"1,812",-34%,"18,47","27,99","8 Dec, 2017",True,False,False,2019-10-17 00:00:35.699968
The Dream Machine: Chapter 1 & 2,Very Positive,7,875,-75%,"0,99","3,99","11 May, 2012",True,False,True,2019-10-17 00:00:35.699968
VRC PRO,Mostly Positive,5,258,-60%,"15,99","39,99","24 Mar, 2015",True,False,False,2019-10-17 00:00:35.699968
The Drone Racing League Simulator,Mixed,4,241,-50%,"8,39","16,79","1 Nov, 2017",True,False,True,2019-10-17 00:00:35.699968
Worms Crazy Golf,Very Positive,7,219,-75%,"2,49","9,99","19 Oct, 2011",True,False,True,2019-10-17 00:00:35.699968
Flockers™,Mostly Positive,5,114,-85%,"2,69","17,99","19 Sep, 2014",True,True,True,2019-10-17 00:00:35.699968
SpellForce 2 - Anniversary Edition,Mixed,4,465,-75%,"3,74","14,99",,True,False,False,2019-10-17 00:00:35.699968
Judgment: Apocalypse Survival Simulation,Very Positive,7,"1,124",-30%,"13,99","19,99","3 May, 2018",True,False,False,2019-10-17 00:00:35.699968
Dude Simulator 3,Mixed,4,36,-90%,"0,39","3,99","23 Aug, 2019",True,False,False,2019-10-17 00:00:35.699968
Sid Meier’s Civilization® VI,Mixed,4,"43,092",-70%,"17,99","59,99","20 Oct, 2016",True,True,True,2019-10-17 00:08:09.135158
POSTAL 4: No Regerts,Very Positive,7,"1,183",-10%,"15,11","16,79","14 Oct, 2019",True,False,False,2019-10-17 00:08:09.135158
Hell Let Loose,Mostly Positive,5,"3,877",-20%,"23,99","29,99","6 Jun, 2019",True,False,False,2019-10-17 00:08:09.135158
STEINS;GATE SERIES BUNDLE,Overwhelmingly Positive,8,"8,044",-64%,"42,09","116,97",,True,False,False,2019-10-17 00:08:09.135158
Wolfenstein II: The New Colossus,Mostly Positive,5,"10,261",-60%,"23,99","59,99","26 Oct, 2017",True,False,False,2019-10-17 00:08:09.135158
Ancestors Legacy,Mostly Positive,5,"1,745",-66%,"10,20","29,99","22 May, 2018",True,False,False,2019-10-17 00:08:09.135158
The Escapists 2,Very Positive,7,"6,111",-70%,"5,99","19,99","21 Aug, 2017",True,True,True,2019-10-17 00:08:09.135158
Rebel Inc: Escalation,Very Positive,7,125,-10%,"13,49","14,99","15 Oct, 2019",True,False,False,2019-10-17 00:08:09.135158
IL-2 Sturmovik: Battle of Stalingrad,Mostly Positive,5,"1,918",-75%,"11,74","46,99","22 Oct, 2014",True,False,False,2019-10-17 00:08:09.135158
Battle Brothers,Very Positive,7,"6,833",-67%,"9,24","27,99","24 Mar, 2017",True,False,False,2019-10-17 00:08:09.135158
Overcooked! 2,Very Positive,7,"6,439",-40%,"13,79","22,99","7 Aug, 2018",True,True,True,2019-10-17 00:08:09.135158
Wolfenstein: The Two Pack,Very Positive,7,"27,766",-50%,"14,99","29,99","4 May, 2015",True,False,False,2019-10-17 00:08:09.135158
Wolfenstein: The New Order,Very Positive,7,"22,037",-50%,"9,99","19,99","19 May, 2014",True,False,False,2019-10-17 00:08:09.135158
STEINS;GATE 0,Overwhelmingly Positive,8,"1,627",-60%,"11,99","29,99","8 May, 2018",True,False,False,2019-10-17 00:08:09.135158
Sid Meier's Civilization VI : Platinum Edition,Mixed,4,"49,623",-72%,"47,75","167,91",,True,True,True,2019-10-17 00:08:09.135158
STEINS;GATE,Overwhelmingly Positive,8,"5,997",-60%,"10,79","26,99","9 Sep, 2016",True,False,False,2019-10-17 00:08:09.135158
Worms W.M.D,Mostly Positive,5,"2,271",-75%,"7,49","29,99","23 Aug, 2016",True,True,True,2019-10-17 00:08:09.135158
We Were Here Together,Very Positive,7,277,-5%,"12,34","12,99","10 Oct, 2019",True,False,True,2019-10-17 00:08:09.135158
DiRT Rally 2.0,Mixed,4,"2,212",-60%,"21,99","54,99","25 Feb, 2019",True,False,False,2019-10-17 00:08:09.135158
Ancestors Legacy - Complete Edition,Mostly Positive,5,"1,799",-73%,"13,53","50,96",,True,False,False,2019-10-17 00:08:09.135158
Forager,Very Positive,7,"6,088",-20%,"15,99","19,99","18 Apr, 2019",True,False,False,2019-10-17 00:08:09.135158
Wolfenstein: Youngblood,Mixed,4,"3,910",-20%,"23,99","29,99","25 Jul, 2019",True,False,False,2019-10-17 00:08:09.135158
Golf With Your Friends,Very Positive,7,"15,377",-35%,"4,54","6,99","29 Jan, 2016",True,True,True,2019-10-17 00:08:09.135158
My Time At Portia,Very Positive,7,"11,544",-25%,"22,49","29,99","15 Jan, 2019",True,False,False,2019-10-17 00:08:09.135158
Sid Meier’s Civilization® VI,Mixed,4,"43,092",-70%,"17,99","59,99","20 Oct, 2016",True,True,True,2019-10-17 00:08:10.352180
POSTAL 4: No Regerts,Very Positive,7,"1,183",-10%,"15,11","16,79","14 Oct, 2019",True,False,False,2019-10-17 00:08:10.352180
Hell Let Loose,Mostly Positive,5,"3,877",-20%,"23,99","29,99","6 Jun, 2019",True,False,False,2019-10-17 00:08:10.352180
STEINS;GATE SERIES BUNDLE,Overwhelmingly Positive,8,"8,044",-64%,"42,09","116,97",,True,False,False,2019-10-17 00:08:10.352180
Wolfenstein II: The New Colossus,Mostly Positive,5,"10,261",-60%,"23,99","59,99","26 Oct, 2017",True,False,False,2019-10-17 00:08:10.352180
Ancestors Legacy,Mostly Positive,5,"1,745",-66%,"10,20","29,99","22 May, 2018",True,False,False,2019-10-17 00:08:10.352180
The Escapists 2,Very Positive,7,"6,111",-70%,"5,99","19,99","21 Aug, 2017",True,True,True,2019-10-17 00:08:10.352180
Rebel Inc: Escalation,Very Positive,7,125,-10%,"13,49","14,99","15 Oct, 2019",True,False,False,2019-10-17 00:08:10.352180
IL-2 Sturmovik: Battle of Stalingrad,Mostly Positive,5,"1,918",-75%,"11,74","46,99","22 Oct, 2014",True,False,False,2019-10-17 00:08:10.352180
Battle Brothers,Very Positive,7,"6,833",-67%,"9,24","27,99","24 Mar, 2017",True,False,False,2019-10-17 00:08:10.352180
Overcooked! 2,Very Positive,7,"6,439",-40%,"13,79","22,99","7 Aug, 2018",True,True,True,2019-10-17 00:08:10.352180
Wolfenstein: The Two Pack,Very Positive,7,"27,766",-50%,"14,99","29,99","4 May, 2015",True,False,False,2019-10-17 00:08:10.352180
Wolfenstein: The New Order,Very Positive,7,"22,037",-50%,"9,99","19,99","19 May, 2014",True,False,False,2019-10-17 00:08:10.352180
STEINS;GATE 0,Overwhelmingly Positive,8,"1,627",-60%,"11,99","29,99","8 May, 2018",True,False,False,2019-10-17 00:08:10.352180
Sid Meier's Civilization VI : Platinum Edition,Mixed,4,"49,623",-72%,"47,75","167,91",,True,True,True,2019-10-17 00:08:10.352180
STEINS;GATE,Overwhelmingly Positive,8,"5,997",-60%,"10,79","26,99","9 Sep, 2016",True,False,False,2019-10-17 00:08:10.352180
Worms W.M.D,Mostly Positive,5,"2,271",-75%,"7,49","29,99","23 Aug, 2016",True,True,True,2019-10-17 00:08:10.352180
We Were Here Together,Very Positive,7,277,-5%,"12,34","12,99","10 Oct, 2019",True,False,True,2019-10-17 00:08:10.352180
DiRT Rally 2.0,Mixed,4,"2,212",-60%,"21,99","54,99","25 Feb, 2019",True,False,False,2019-10-17 00:08:10.352180
Ancestors Legacy - Complete Edition,Mostly Positive,5,"1,799",-73%,"13,53","50,96",,True,False,False,2019-10-17 00:08:10.352180
Forager,Very Positive,7,"6,088",-20%,"15,99","19,99","18 Apr, 2019",True,False,False,2019-10-17 00:08:10.352180
Wolfenstein: Youngblood,Mixed,4,"3,910",-20%,"23,99","29,99","25 Jul, 2019",True,False,False,2019-10-17 00:08:10.352180
Golf With Your Friends,Very Positive,7,"15,377",-35%,"4,54","6,99","29 Jan, 2016",True,True,True,2019-10-17 00:08:10.352180
My Time At Portia,Very Positive,7,"11,544",-25%,"22,49","29,99","15 Jan, 2019",True,False,False,2019-10-17 00:08:10.352180
EARTH DEFENSE FORCE: IRON RAIN,Mixed,4,104,-20%,"39,99","49,99","15 Oct, 2019",True,False,False,2019-10-17 00:08:11.371956
Beat Hazard 2,Very Positive,7,388,-15%,"13,59","15,99","16 Oct, 2019",True,False,False,2019-10-17 00:08:11.371956
SUPERHOT VR,Very Positive,7,"2,745",-33%,"15,40","22,99","25 May, 2017",True,False,False,2019-10-17 00:08:11.371956
Radio Commander,Very Positive,7,256,-25%,"12,59","16,79","10 Oct, 2019",True,False,True,2019-10-17 00:08:11.371956
Killing Floor 2,Very Positive,7,"51,721",-50%,"13,99","27,99","18 Nov, 2016",True,False,False,2019-10-17 00:08:11.371956
Overcooked! 1 & 2 Bundle,Very Positive,7,"12,887",-59%,"16,--","38,98",,True,False,False,2019-10-17 00:08:11.371956
Rise to Ruins,Very Positive,7,"3,675",-30%,"8,74","12,49","14 Oct, 2019",True,True,True,2019-10-17 00:08:11.371956
Budget Cuts,Mostly Positive,5,659,-50%,"13,99","27,98","14 Jun, 2018",True,False,False,2019-10-17 00:08:11.371956
The Escapists 2 - Game of the Year Edition,Very Positive,7,"6,216",-67%,"11,84","35,95",,True,True,True,2019-10-17 00:08:11.371956
Gensokyo Night Festival,Very Positive,7,"1,042",-10%,"9,71","10,79","13 Oct, 2019",True,False,False,2019-10-17 00:08:11.371956
Overcooked,Very Positive,7,"6,448",-75%,"3,99","15,99","3 Aug, 2016",True,False,False,2019-10-17 00:08:11.371956
Franchise Hockey Manager 6,Mostly Positive,5,19,-10%,"30,59","33,99","11 Oct, 2019",True,False,True,2019-10-17 00:08:11.371956
Worms Armageddon,Very Positive,7,"2,809",-80%,"2,99","14,99","19 Mar, 2013",True,False,False,2019-10-17 00:08:11.371956
Blasphemous,Mostly Positive,5,"1,503",-15%,"21,24","24,99","10 Sep, 2019",True,False,False,2019-10-17 00:08:11.371956
DiRT Rally,Very Positive,7,"16,379",-82%,"6,29","34,99","7 Dec, 2015",True,True,True,2019-10-17 00:08:11.371956
Circle Empires,Very Positive,7,"1,076",-40%,"3,95","6,59","8 Aug, 2018",True,True,True,2019-10-17 00:08:11.371956
SUPERHOT MIND IS SOFTWARE BUNDLE,Very Positive,7,"14,313",-33%,"30,71","45,98",,True,False,False,2019-10-17 00:08:11.371956
STEINS;GATE + STEINS;GATE 0,Overwhelmingly Positive,8,"7,624",-64%,"20,50","56,98",,True,False,False,2019-10-17 00:08:11.371956
Barotrauma,Very Positive,7,"1,409",-25%,"18,74","24,99","5 Jun, 2019",True,True,True,2019-10-17 00:08:11.371956
Yoku's Island Express,Overwhelmingly Positive,8,554,-75%,"4,99","19,99","29 May, 2018",True,False,False,2019-10-17 00:08:11.371956
Battle Brothers & All DLC,Very Positive,7,"7,344",-43%,"26,81","46,97",,True,False,False,2019-10-17 00:08:11.371956
Blasphemous Digital Deluxe Edition,Mostly Positive,5,"1,537",-22%,"29,61","37,95",,True,False,False,2019-10-17 00:08:11.371956
嗜血印 Bloody Spell,Very Positive,7,"4,122",-51%,"8,22","16,79","15 Jan, 2019",True,False,False,2019-10-17 00:08:11.371956
Yooka-Laylee,Mostly Positive,5,"1,688",-75%,"9,99","39,99","11 Apr, 2017",True,True,True,2019-10-17 00:08:11.371956
Frostpunk: Season Pass,Mixed,4,218,-30%,"23,77","33,97",,True,False,False,2019-10-17 00:08:12.501842
The Escapists 1 & 2 Ultimate Collection,Very Positive,7,"18,207",-67%,"20,41","61,90",,True,True,True,2019-10-17 00:08:12.501842
Pine,Mixed,4,349,-10%,"18,89","20,99","10 Oct, 2019",True,True,True,2019-10-17 00:08:12.501842
Touhou Luna Nights,Overwhelmingly Positive,8,"4,930",-25%,"11,24","14,99","25 Feb, 2019",True,False,False,2019-10-17 00:08:12.501842
Worms Ultimate Mayhem,Very Positive,7,"1,878",-75%,"3,24","12,99","28 Sep, 2011",True,False,False,2019-10-17 00:08:12.501842
Wolfenstein: The Old Blood,Very Positive,7,"5,729",-50%,"9,99","19,99","4 May, 2015",True,False,False,2019-10-17 00:08:12.501842
Worms Reloaded,Very Positive,7,"2,015",-80%,"3,99","19,99","26 Aug, 2010",True,True,True,2019-10-17 00:08:12.501842
BDSM: Big Drunk Satanic Massacre,Very Positive,7,74,-10%,"15,11","16,79","10 Oct, 2019",True,False,False,2019-10-17 00:08:12.501842
Descenders,Very Positive,7,"1,192",-35%,"14,94","22,99","7 May, 2019",True,True,True,2019-10-17 00:08:12.501842
Alluris,Very Positive,7,59,-15%,"6,96","8,19","11 Oct, 2019",True,False,False,2019-10-17 00:08:12.501842
Indivisible,Mostly Positive,5,464,-10%,"35,99","39,99","8 Oct, 2019",True,True,True,2019-10-17 00:08:12.501842
The Escapists,Very Positive,7,"11,735",-75%,"3,74","14,99","13 Feb, 2015",True,True,True,2019-10-17 00:08:12.501842
SpellForce 3,Mostly Positive,5,"2,235",-67%,"16,49","49,99","7 Dec, 2017",True,False,False,2019-10-17 00:08:12.501842
Return to Castle Wolfenstein,Very Positive,7,"3,182",-50%,"4,99","9,99","3 Aug, 2007",True,False,False,2019-10-17 00:08:12.501842
Alien Breed 2: Assault,Mostly Positive,5,195,-80%,"1,99","9,99","22 Sep, 2010",True,False,False,2019-10-17 00:08:12.501842
【超值版】嗜血印本体+女祭司\猫咪\僵尸DLC,Very Positive,7,"4,207",-47%,"18,39","34,86",,True,False,False,2019-10-17 00:08:12.501842
TO THE TOP,Very Positive,7,491,-25%,"12,59","16,79","18 May, 2017",True,False,False,2019-10-17 00:08:12.501842
The Blackout Club,Very Positive,7,831,-20%,"19,99","24,99","29 Jul, 2019",True,False,False,2019-10-17 00:08:12.501842
Worms Revolution,Very Positive,7,"3,182",-80%,"2,99","14,99","10 Oct, 2012",True,False,False,2019-10-17 00:08:12.501842
Sword Legacy: Omen,Mostly Positive,5,147,-80%,"3,59","17,99","13 Aug, 2018",True,False,False,2019-10-17 00:08:12.501842
The Wizards - Enhanced Edition,Very Positive,7,214,-40%,"14,99","24,99","8 Mar, 2018",True,False,False,2019-10-17 00:08:12.501842
Stronghold Crusader 2,Mixed,4,"4,573",-90%,"2,99","29,99","22 Sep, 2014",True,False,False,2019-10-17 00:08:12.501842
RIDE 3,Mostly Positive,5,665,-50%,"24,99","49,99","30 Nov, 2018",True,False,False,2019-10-17 00:08:12.501842
STEINS;GATE ELITE - Bonus Content Bundle,Very Positive,7,420,-60%,"23,99","59,99",,True,False,False,2019-10-17 00:08:13.639414
Aven Colony,Mixed,4,711,-80%,"5,99","29,99","25 Jul, 2017",True,False,False,2019-10-17 00:08:13.639414
Sid Meier's Civilization V: Complete,Overwhelmingly Positive,8,"89,737",-78%,"30,31","136,84",,True,True,True,2019-10-17 00:08:13.639414
Team17 FAMILY Bundle,Very Positive,7,"8,690",-78%,"17,07","75,97",,True,False,False,2019-10-17 00:08:13.639414
Wolf Pack,Very Positive,7,"5,172",-50%,"4,99","9,99",,True,False,False,2019-10-17 00:08:13.639414
The Settlers® 7 : History Edition,Mixed,4,66,-50%,"7,49","14,99","22 Jan, 2019",True,False,False,2019-10-17 00:08:13.639414
Omensight: Definitive Edition,Very Positive,7,606,-50%,"8,39","16,79","15 May, 2018",True,False,False,2019-10-17 00:08:13.639414
SpellForce 3: Soul Harvest,Very Positive,7,570,-33%,"16,74","24,99","28 May, 2019",True,False,False,2019-10-17 00:08:13.639414
Worms Clan Wars,Mostly Positive,5,"1,379",-80%,"4,59","22,99","15 Aug, 2013",True,True,True,2019-10-17 00:08:13.639414
Ghost 1.0,Very Positive,7,"1,398",-60%,"5,19","12,99","6 Jun, 2016",True,False,False,2019-10-17 00:08:13.639414
Sheltered,Mostly Positive,5,"3,502",-80%,"2,59","12,99","15 Mar, 2016",True,True,True,2019-10-17 00:08:13.639414
Overcooked: Gourmet Edition,Very Positive,7,"6,555",-76%,"4,99","20,98",,True,False,False,2019-10-17 00:08:13.639414
Oriental Empires,Mostly Positive,5,"1,490",-75%,"6,99","27,99","14 Sep, 2017",True,False,False,2019-10-17 00:08:13.639414
SpellForce 3 Loyalty Pack,Mostly Positive,5,"2,805",-60%,"29,91","74,98",,True,False,False,2019-10-17 00:08:13.639414
Worms Collection,Very Positive,7,"14,838",-82%,"38,30","209,78",,True,False,False,2019-10-17 00:08:13.639414
Valfaris,Very Positive,7,119,-10%,"18,89","20,99","10 Oct, 2019",True,False,False,2019-10-17 00:08:13.639414
Machinarium,Overwhelmingly Positive,8,"4,386",-75%,"2,49","9,99","16 Oct, 2009",True,False,True,2019-10-17 00:08:13.639414
Civilization VI – Civilization & Scenario Pack Bundle,Mostly Negative,3,"3,359",-61%,"14,98","37,94",,True,True,True,2019-10-17 00:08:13.639414
Stronghold 2: Steam Edition,Very Positive,7,784,-50%,"7,49","14,99",,True,False,False,2019-10-17 00:08:13.639414
DiRT 4,Mixed,4,"4,274",-80%,"10,99","54,99","8 Jun, 2017",True,True,True,2019-10-17 00:08:13.639414
Shadow Tactics: Blades of the Shogun,Overwhelmingly Positive,8,"7,976",-66%,"13,59","39,99","6 Dec, 2016",True,True,True,2019-10-17 00:08:13.639414
Monster Sanctuary,Very Positive,7,362,-25%,"11,99","15,99","28 Aug, 2019",True,True,True,2019-10-17 00:08:13.639414
Syrian Warfare,Very Positive,7,"2,145",-72%,"3,24","11,59","21 Feb, 2017",True,False,False,2019-10-17 00:08:13.639414
Killing Floor,Overwhelmingly Positive,8,"32,251",-75%,"4,99","19,99","14 May, 2009",True,True,True,2019-10-17 00:08:13.639414
We Were Here Series bundle,Very Positive,7,"12,082",-27%,"23,46","31,95",,True,False,True,2019-10-17 00:08:13.639414
Geometry Wars™ 3: Dimensions Evolved,Very Positive,7,881,-50%,"7,49","14,99","25 Nov, 2014",True,True,False,2019-10-17 00:08:14.640454
Automachef,Mostly Positive,5,173,-25%,"11,24","14,99","23 Jul, 2019",True,False,False,2019-10-17 00:08:14.640454
Worms World Party Remastered,Mixed,4,566,-75%,"3,49","13,99","16 Jul, 2015",True,False,False,2019-10-17 00:08:14.640454
Sid Meier's Civilization®: Beyond Earth™,Mixed,4,"10,719",-75%,"9,99","39,99","24 Oct, 2014",True,True,True,2019-10-17 00:08:14.640454
Carmageddon: Max Damage,Mostly Positive,5,"1,370",-75%,"4,24","16,99","27 Oct, 2016",True,False,False,2019-10-17 00:08:14.640454
Worms,Very Positive,7,238,-80%,"1,19","5,99","19 Oct, 2011",True,False,False,2019-10-17 00:08:14.640454
Holdfast: Nations At War,Very Positive,7,"5,363",-50%,"9,99","19,99","21 Sep, 2017",True,False,False,2019-10-17 00:08:14.640454
Garden of the Sea,Very Positive,7,76,-50%,"2,49","4,99","10 Jun, 2019",True,False,False,2019-10-17 00:08:14.640454
Sniper: Ghost Warrior 2,Mostly Positive,5,"7,338",-82%,"1,79","9,99","11 Mar, 2013",True,False,False,2019-10-17 00:08:14.640454
Momodora: Reverie Under The Moonlight,Very Positive,7,"5,921",-60%,"3,99","9,99","4 Mar, 2016",True,True,True,2019-10-17 00:08:14.640454
Stronghold Crusader HD,Overwhelmingly Positive,8,"3,574",-80%,"1,59","7,99","21 Oct, 2013",True,False,False,2019-10-17 00:08:14.640454
Lost Horizon 2,Mixed,4,84,-75%,"3,74","14,99","1 Oct, 2015",True,False,False,2019-10-17 00:08:14.640454
Tech Support: Error Unknown,Mostly Positive,5,133,-44%,"5,59","9,99","27 Feb, 2019",True,True,True,2019-10-17 00:08:14.640454
Kopanito All-Stars Soccer,Very Positive,7,"1,522",-80%,"0,99","4,99","16 Nov, 2016",True,True,True,2019-10-17 00:08:14.640454
Bad North: Jotunn Edition,Very Positive,7,"1,141",-25%,"11,24","14,99","16 Nov, 2018",True,False,True,2019-10-17 00:08:14.640454
Morphies Law: Remorphed,Mostly Positive,5,31,-75%,"4,99","19,99","30 Jul, 2019",True,False,False,2019-10-17 00:08:14.640454
Hello Neighbor,Mostly Positive,5,"1,812",-34%,"18,47","27,99","8 Dec, 2017",True,False,False,2019-10-17 00:08:14.640454
The Dream Machine: Chapter 1 & 2,Very Positive,7,875,-75%,"0,99","3,99","11 May, 2012",True,False,True,2019-10-17 00:08:14.640454
VRC PRO,Mostly Positive,5,258,-60%,"15,99","39,99","24 Mar, 2015",True,False,False,2019-10-17 00:08:14.640454
The Drone Racing League Simulator,Mixed,4,241,-50%,"8,39","16,79","1 Nov, 2017",True,False,True,2019-10-17 00:08:14.640454
Worms Crazy Golf,Very Positive,7,219,-75%,"2,49","9,99","19 Oct, 2011",True,False,True,2019-10-17 00:08:14.640454
Flockers™,Mostly Positive,5,114,-85%,"2,69","17,99","19 Sep, 2014",True,True,True,2019-10-17 00:08:14.640454
SpellForce 2 - Anniversary Edition,Mixed,4,465,-75%,"3,74","14,99",,True,False,False,2019-10-17 00:08:14.640454
Judgment: Apocalypse Survival Simulation,Very Positive,7,"1,124",-30%,"13,99","19,99","3 May, 2018",True,False,False,2019-10-17 00:08:14.640454
Dude Simulator 3,Mixed,4,36,-90%,"0,39","3,99","23 Aug, 2019",True,False,False,2019-10-17 00:08:14.640454
Stellaris,Mostly Positive,5,"39,079",-75%,"9,99","39,99","9 May, 2016",True,True,True,2019-10-22 10:17:34.714304
DiRT Rally 2.0,Mixed,4,"2,239",-60%,"21,99","54,99","25 Feb, 2019",True,False,False,2019-10-22 10:17:34.714304
Kerbal Space Program,Very Positive,7,"47,244",-75%,"9,99","39,99","27 Apr, 2015",True,True,True,2019-10-22 10:17:34.714304
Autonauts,Very Positive,7,295,-20%,"15,99","19,99","17 Oct, 2019",True,False,False,2019-10-22 10:17:34.714304
The Beast Inside,Very Positive,7,239,-10%,"18,89","20,99","17 Oct, 2019",True,False,False,2019-10-22 10:17:34.714304
Titan Quest Anniversary Edition,Very Positive,7,"10,810",-80%,"3,99","19,99","31 Aug, 2016",True,False,False,2019-10-22 10:17:34.714304
IL-2 Sturmovik: Battle of Stalingrad,Mostly Positive,5,"1,938",-75%,"11,74","46,99","22 Oct, 2014",True,False,False,2019-10-22 10:17:34.714304
POSTAL 4: No Regerts,Very Positive,7,"1,846",-10%,"15,11","16,79","14 Oct, 2019",True,False,False,2019-10-22 10:17:34.714304
The Jackbox Party Pack 6,Very Positive,7,54,-17%,"20,74","24,99","16 Oct, 2019",True,True,True,2019-10-22 10:17:34.714304
NBA 2K20,Overwhelmingly Negative,0,"3,713",-33%,"33,49","49,99","6 Sep, 2019",True,False,False,2019-10-22 10:17:34.714304
Starpoint Gemini Franchise,Mostly Positive,5,"5,270",-83%,"22,27","132,58",,True,False,False,2019-10-22 10:17:34.714304
Universe Sandbox ²,Very Positive,7,"6,000",-33%,"14,06","20,99","24 Aug, 2015",True,True,True,2019-10-22 10:17:34.714304
Rebel Inc: Escalation,Mostly Positive,5,309,-10%,"13,49","14,99","15 Oct, 2019",True,False,False,2019-10-22 10:17:34.714304
Offworld Trading Company - Gold Bundle,Mostly Positive,5,"2,719",-79%,"16,66","77,89",,True,False,True,2019-10-22 10:17:34.714304
SUPERHOT VR,Very Positive,7,"2,758",-33%,"15,40","22,99","25 May, 2017",True,False,False,2019-10-22 10:17:34.714304
Little Big Workshop,Very Positive,7,161,-10%,"17,99","19,99","17 Oct, 2019",True,False,True,2019-10-22 10:17:34.714304
Stellaris: Starter Pack,Mostly Positive,5,"41,242",-44%,"44,97","79,97",,True,True,True,2019-10-22 10:17:34.714304
XERA: Survival,Mixed,4,"1,284",-75%,"4,20","16,79","24 May, 2019",True,False,False,2019-10-22 10:17:34.714304
Budget Cuts,Mostly Positive,5,670,-50%,"13,99","27,98","14 Jun, 2018",True,False,False,2019-10-22 10:17:34.714304
DiRT Rally,Very Positive,7,"16,396",-82%,"6,29","34,99","7 Dec, 2015",True,True,True,2019-10-22 10:17:34.714304
Barotrauma,Very Positive,7,"1,428",-25%,"18,74","24,99","5 Jun, 2019",True,True,True,2019-10-22 10:17:34.714304
Killing Floor 2,Very Positive,7,"51,796",-50%,"13,99","27,99","18 Nov, 2016",True,False,False,2019-10-22 10:17:34.714304
Kerbal Space Program Complete Edition,Very Positive,7,"47,934",-64%,"24,99","69,97",,True,True,True,2019-10-22 10:17:34.714304
NEKO-NIN exHeart 3,Positive,6,23,-10%,"7,37","8,19","18 Oct, 2019",True,False,False,2019-10-22 10:17:34.714304
Starpoint Gemini Warlords,Mostly Positive,5,"2,276",-80%,"6,39","31,99","23 May, 2017",True,False,False,2019-10-22 10:17:34.714304
Stellaris,Mostly Positive,5,"39,079",-75%,"9,99","39,99","9 May, 2016",True,True,True,2019-10-22 10:17:35.881843
DiRT Rally 2.0,Mixed,4,"2,239",-60%,"21,99","54,99","25 Feb, 2019",True,False,False,2019-10-22 10:17:35.881843
Kerbal Space Program,Very Positive,7,"47,244",-75%,"9,99","39,99","27 Apr, 2015",True,True,True,2019-10-22 10:17:35.881843
Autonauts,Very Positive,7,295,-20%,"15,99","19,99","17 Oct, 2019",True,False,False,2019-10-22 10:17:35.881843
The Beast Inside,Very Positive,7,239,-10%,"18,89","20,99","17 Oct, 2019",True,False,False,2019-10-22 10:17:35.881843
Titan Quest Anniversary Edition,Very Positive,7,"10,810",-80%,"3,99","19,99","31 Aug, 2016",True,False,False,2019-10-22 10:17:35.881843
IL-2 Sturmovik: Battle of Stalingrad,Mostly Positive,5,"1,938",-75%,"11,74","46,99","22 Oct, 2014",True,False,False,2019-10-22 10:17:35.881843
POSTAL 4: No Regerts,Very Positive,7,"1,846",-10%,"15,11","16,79","14 Oct, 2019",True,False,False,2019-10-22 10:17:35.881843
The Jackbox Party Pack 6,Very Positive,7,54,-17%,"20,74","24,99","16 Oct, 2019",True,True,True,2019-10-22 10:17:35.881843
NBA 2K20,Overwhelmingly Negative,0,"3,713",-33%,"33,49","49,99","6 Sep, 2019",True,False,False,2019-10-22 10:17:35.881843
Starpoint Gemini Franchise,Mostly Positive,5,"5,270",-83%,"22,27","132,58",,True,False,False,2019-10-22 10:17:35.881843
Universe Sandbox ²,Very Positive,7,"6,000",-33%,"14,06","20,99","24 Aug, 2015",True,True,True,2019-10-22 10:17:35.881843
Rebel Inc: Escalation,Mostly Positive,5,309,-10%,"13,49","14,99","15 Oct, 2019",True,False,False,2019-10-22 10:17:35.881843
Offworld Trading Company - Gold Bundle,Mostly Positive,5,"2,719",-79%,"16,66","77,89",,True,False,True,2019-10-22 10:17:35.881843
SUPERHOT VR,Very Positive,7,"2,758",-33%,"15,40","22,99","25 May, 2017",True,False,False,2019-10-22 10:17:35.881843
Little Big Workshop,Very Positive,7,161,-10%,"17,99","19,99","17 Oct, 2019",True,False,True,2019-10-22 10:17:35.881843
Stellaris: Starter Pack,Mostly Positive,5,"41,242",-44%,"44,97","79,97",,True,True,True,2019-10-22 10:17:35.881843
XERA: Survival,Mixed,4,"1,284",-75%,"4,20","16,79","24 May, 2019",True,False,False,2019-10-22 10:17:35.881843
Budget Cuts,Mostly Positive,5,670,-50%,"13,99","27,98","14 Jun, 2018",True,False,False,2019-10-22 10:17:35.881843
DiRT Rally,Very Positive,7,"16,396",-82%,"6,29","34,99","7 Dec, 2015",True,True,True,2019-10-22 10:17:35.881843
Barotrauma,Very Positive,7,"1,428",-25%,"18,74","24,99","5 Jun, 2019",True,True,True,2019-10-22 10:17:35.881843
Killing Floor 2,Very Positive,7,"51,796",-50%,"13,99","27,99","18 Nov, 2016",True,False,False,2019-10-22 10:17:35.881843
Kerbal Space Program Complete Edition,Very Positive,7,"47,934",-64%,"24,99","69,97",,True,True,True,2019-10-22 10:17:35.881843
NEKO-NIN exHeart 3,Positive,6,23,-10%,"7,37","8,19","18 Oct, 2019",True,False,False,2019-10-22 10:17:35.881843
Starpoint Gemini Warlords,Mostly Positive,5,"2,276",-80%,"6,39","31,99","23 May, 2017",True,False,False,2019-10-22 10:17:35.881843
NEKO-NIN exHeart 2,Very Positive,7,165,-30%,"5,73","8,19","27 Apr, 2018",True,False,False,2019-10-22 10:17:37.075509
The Painscreek Killings,Very Positive,7,732,-60%,"7,99","19,99","27 Sep, 2017",True,False,False,2019-10-22 10:17:37.075509
Dead Effect 2 VR,Very Positive,7,818,-70%,"6,89","22,99","3 Oct, 2017",True,False,False,2019-10-22 10:17:37.075509
Screeps,Very Positive,7,832,-50%,"7,49","14,99","16 Nov, 2016",True,True,True,2019-10-22 10:17:37.075509
Kingdom Two Crowns,Mostly Positive,5,"1,504",-30%,"13,99","19,99","11 Dec, 2018",True,True,True,2019-10-22 10:17:37.075509
DiRT 4,Mixed,4,"4,290",-80%,"10,99","54,99","8 Jun, 2017",True,True,True,2019-10-22 10:17:37.075509
Killing Floor,Overwhelmingly Positive,8,"32,270",-75%,"4,99","19,99","14 May, 2009",True,True,True,2019-10-22 10:17:37.075509
Indivisible,Mostly Positive,5,550,-10%,"35,99","39,99","8 Oct, 2019",True,True,True,2019-10-22 10:17:37.075509
Curious Expedition,Very Positive,7,"1,800",-50%,"7,49","14,99","2 Sep, 2016",True,True,True,2019-10-22 10:17:37.075509
NEKO-NIN exHeart,Overwhelmingly Positive,8,628,-50%,"4,99","9,99","21 Apr, 2017",True,False,False,2019-10-22 10:17:37.075509
Titan Quest Bundle,Very Positive,7,"11,938",-63%,"20,22","54,97",,True,False,False,2019-10-22 10:17:37.075509
Megaquarium,Very Positive,7,713,-40%,"12,59","20,99","13 Sep, 2018",True,True,True,2019-10-22 10:17:37.075509
Muv-Luv Alternative,Very Positive,7,316,-40%,"22,19","36,99","28 Feb, 2018",True,False,False,2019-10-22 10:17:37.075509
The Fall of the Dungeon Guardians - Enhanced Edition,Very Positive,7,401,-66%,"6,79","19,99","6 Nov, 2015",True,True,True,2019-10-22 10:17:37.075509
HARDCORE MECHA,Very Positive,7,"1,322",-20%,"13,43","16,79","26 Jun, 2019",True,False,False,2019-10-22 10:17:37.075509
NEKO-NIN exHeart 2 Love +PLUS,Positive,6,47,-15%,"3,39","3,99","26 Apr, 2019",True,False,False,2019-10-22 10:17:37.075509
Stranded Sails - Explorers of the Cursed Islands,Mixed,4,117,-15%,"21,24","24,99","17 Oct, 2019",True,False,False,2019-10-22 10:17:37.075509
Muv-Luv,Very Positive,7,132,-40%,"16,79","27,99","28 Feb, 2018",True,False,False,2019-10-22 10:17:37.075509
Kingdom: New Lands,Very Positive,7,"4,636",-75%,"3,74","14,99","9 Aug, 2016",True,True,True,2019-10-22 10:17:37.075509
Dreamwalker: Never Fall Asleep,Mixed,4,16,-50%,"7,49","14,99","18 Oct, 2018",True,True,True,2019-10-22 10:17:37.075509
FORM,Very Positive,7,628,-60%,"4,99","12,49","1 Jun, 2017",True,False,False,2019-10-22 10:17:37.075509
TO THE TOP,Very Positive,7,494,-25%,"12,59","16,79","18 May, 2017",True,False,False,2019-10-22 10:17:37.075509
DiRT Bundle,Very Positive,7,"22,925",-76%,"35,34","144,97",,True,False,False,2019-10-22 10:17:37.075509
Paradox Grand Strategy Collection,Very Positive,7,"167,759",-27%,"116,96","159,96",,True,True,True,2019-10-22 10:17:38.227833
Between the Stars,Very Positive,7,521,-20%,"15,99","19,99","28 May, 2019",True,False,False,2019-10-22 10:17:38.227833
Starpoint Gemini 2,Mixed,4,"2,793",-85%,"4,79","31,99","26 Sep, 2014",True,False,False,2019-10-22 10:17:38.227833
001 Game Creator,Very Positive,7,133,-70%,"14,99","49,99","13 Jul, 2015",True,False,False,2019-10-22 10:17:38.227833
Bloody Trapland 2: Curiosity,Mostly Positive,5,97,-75%,"4,24","16,99","1 Feb, 2019",True,False,True,2019-10-22 10:17:38.227833
Dream Car Builder,Very Positive,7,375,-30%,"5,73","8,19","21 Sep, 2018",True,False,False,2019-10-22 10:17:38.227833
Overcrowd: A Commute 'Em Up,Very Positive,7,220,-20%,"11,19","13,99","6 Jun, 2019",True,False,False,2019-10-22 10:17:38.227833
Holdfast: Nations At War,Very Positive,7,"5,383",-50%,"9,99","19,99","21 Sep, 2017",True,False,False,2019-10-22 10:17:38.227833
Dragon Cliff,Very Positive,7,"2,410",-55%,"4,49","9,99","11 May, 2018",True,False,False,2019-10-22 10:17:38.227833
Jagged Alliance 2 - Wildfire,Mostly Positive,5,559,-50%,"3,49","6,99","16 Nov, 2012",True,True,True,2019-10-22 10:17:38.227833
Supraland,Overwhelmingly Positive,8,"2,402",-25%,"14,99","19,99","5 Apr, 2019",True,True,False,2019-10-22 10:17:38.227833
Cattails | Become a Cat!,Very Positive,7,482,-50%,"7,49","14,99","1 Dec, 2017",True,True,True,2019-10-22 10:17:38.227833
Kingdom: Classic,Very Positive,7,"4,140",-90%,"0,49","4,99","21 Oct, 2015",True,True,True,2019-10-22 10:17:38.227833
One Finger Death Punch 2,Overwhelmingly Positive,8,"1,612",-40%,"3,95","6,59","15 Apr, 2019",True,False,False,2019-10-22 10:17:38.227833
Judgment: Apocalypse Survival Simulation,Very Positive,7,"1,131",-30%,"13,99","19,99","3 May, 2018",True,False,False,2019-10-22 10:17:38.227833
Out There Somewhere,Very Positive,7,"5,998",-61%,"0,39","0,99","21 May, 2014",True,False,True,2019-10-22 10:17:38.227833
GameGuru,Mostly Positive,5,809,-50%,"14,99","29,99","19 May, 2015",True,False,False,2019-10-22 10:17:38.227833
Galaxy Squad,Very Positive,7,155,-66%,"2,78","8,19","15 Jul, 2019",True,True,False,2019-10-22 10:17:38.227833
Bio Inc. Redemption,Very Positive,7,810,-30%,"9,09","12,99","8 Mar, 2018",True,False,False,2019-10-22 10:17:38.227833
Lovecraft's Untold Stories,Very Positive,7,228,-45%,"8,24","14,99","31 Jan, 2019",True,False,True,2019-10-22 10:17:38.227833
Pharaoh + Cleopatra,Very Positive,7,560,-50%,"4,99","9,99","15 Dec, 2016",True,False,False,2019-10-22 10:17:38.227833
Hunting Simulator,Mixed,4,105,-70%,"10,49","34,99","9 Jun, 2017",True,False,False,2019-10-22 10:17:38.227833
Nidhogg 2,Mostly Positive,5,478,-60%,"5,99","14,99","15 Aug, 2017",True,False,True,2019-10-22 10:17:38.227833
Exoplanet: First Contact,Very Positive,7,164,-10%,"17,99","19,99","9 Dec, 2016",True,False,False,2019-10-22 10:17:38.227833
Space Quest™ Collection,Mostly Positive,5,149,-75%,"2,49","9,99","23 Jul, 2009",True,False,False,2019-10-22 10:17:39.465603
WRC 5 FIA World Rally Championship,Mixed,4,230,-80%,"7,99","39,99","8 Oct, 2015",True,False,False,2019-10-22 10:17:39.465603
Deponia,Very Positive,7,"6,342",-90%,"0,99","9,99","6 Aug, 2012",True,True,True,2019-10-22 10:17:39.465603
Muv-Luv Triple Threat,Very Positive,7,479,-49%,"43,83","85,97",,True,False,False,2019-10-22 10:17:39.465603
Deponia Doomsday,Very Positive,7,"1,442",-75%,"4,99","19,99","1 Mar, 2016",True,True,True,2019-10-22 10:17:39.465603
Nidhogg,Very Positive,7,"4,651",-60%,"3,99","9,99","13 Jan, 2014",True,False,True,2019-10-22 10:17:39.465603
Silence,Very Positive,7,746,-50%,"9,99","19,99","15 Nov, 2016",True,True,True,2019-10-22 10:17:39.465603
Dude Simulator 3,Mixed,4,49,-90%,"0,39","3,99","23 Aug, 2019",True,False,False,2019-10-22 10:17:39.465603
Steredenn,Very Positive,7,420,-60%,"5,19","12,99","1 Oct, 2015",True,True,True,2019-10-22 10:17:39.465603
Kingdom Imperial Collection,Very Positive,7,"10,288",-66%,"16,17","46,96",,True,False,True,2019-10-22 10:17:39.465603
Astrox Imperium,Very Positive,7,196,-15%,"10,61","12,49","22 Mar, 2019",True,False,False,2019-10-22 10:17:39.465603
Dead Effect 2,Mostly Positive,5,"1,286",-80%,"2,39","11,99","6 May, 2016",True,False,True,2019-10-22 10:17:39.465603
The World Next Door,Mostly Positive,5,57,-70%,"2,45","8,19","28 Mar, 2019",True,False,True,2019-10-22 10:17:39.465603
Demon Hunter 2: New Chapter,Mixed,4,63,-70%,"2,39","7,99","21 Jul, 2016",True,True,True,2019-10-22 10:17:39.465603
Home Design 3D,Mostly Positive,5,578,-50%,"4,99","9,99","20 Nov, 2015",True,False,True,2019-10-22 10:17:39.465603
Driven Out,Mostly Positive,5,25,-10%,"11,24","12,49","18 Oct, 2019",True,False,False,2019-10-22 10:17:39.465603
Immortal Planet,Very Positive,7,121,-50%,"7,49","14,99","27 Jul, 2017",True,False,False,2019-10-22 10:17:39.465603
Dino D-Day,Very Positive,7,"7,652",-90%,"0,99","9,99","8 Apr, 2011",True,False,False,2019-10-22 10:17:39.465603
Garden of the Sea,Very Positive,7,87,-50%,"2,49","4,99","10 Jun, 2019",True,False,False,2019-10-22 10:17:39.465603
Crazy Machines 3,Overwhelmingly Positive,8,"2,226",-75%,"2,49","9,99","18 Oct, 2016",True,False,False,2019-10-22 10:17:39.465603
UNDER the SAND - a road trip game,Mostly Positive,5,216,-30%,"2,79","3,99","17 May, 2019",True,False,False,2019-10-22 10:17:39.465603
"Please, Don’t Touch Anything",Very Positive,7,"2,690",-65%,"2,44","6,99","26 Mar, 2015",True,True,True,2019-10-22 10:17:39.465603
The Slater,Mostly Positive,5,156,-67%,"4,61","13,99","20 Sep, 2018",True,False,False,2019-10-22 10:17:39.465603
Hive Jump,Mostly Positive,5,163,-90%,"1,99","19,99","18 Jan, 2017",True,True,True,2019-10-22 10:17:39.465603
BalanCity,Mostly Positive,5,230,-90%,"0,79","7,99","21 Sep, 2016",True,True,True,2019-10-22 10:17:40.554982
Templar Battleforce,Very Positive,7,705,-50%,"4,99","9,99","21 Sep, 2015",True,True,True,2019-10-22 10:17:40.554982
Costume Quest,Very Positive,7,"1,756",-75%,"2,49","9,99","14 Oct, 2011",True,True,True,2019-10-22 10:17:40.554982
Hero of the Kingdom II,Very Positive,7,"1,131",-88%,"0,95","7,99","20 Feb, 2015",True,True,True,2019-10-22 10:17:40.554982
Avadon: The Black Fortress,Very Positive,7,292,-70%,"2,99","9,99","17 Aug, 2011",True,True,True,2019-10-22 10:17:40.554982
One Finger Death Punch,Overwhelmingly Positive,8,"11,494",-60%,"1,99","4,99","3 Mar, 2014",True,False,False,2019-10-22 10:17:40.554982
Blood and Bacon,Very Positive,7,"15,411",-51%,"0,49","0,99","1 Feb, 2016",True,False,False,2019-10-22 10:17:40.554982
Zeliria Sanctuary,Very Positive,7,241,-25%,"6,14","8,19","6 Jan, 2019",True,True,True,2019-10-22 10:17:40.554982
Princess Isabella - Return of the Curse,Positive,6,42,-90%,"0,49","4,99","15 Apr, 2014",True,False,False,2019-10-22 10:17:40.554982
NEKO-NIN exHeart +PLUS Saiha,Very Positive,7,101,-50%,"0,99","1,99","17 Nov, 2017",True,False,False,2019-10-22 10:17:40.554982
NEKO-NIN exHeart +PLUS Nachi,Very Positive,7,149,-50%,"0,99","1,99","2 Nov, 2017",True,False,False,2019-10-22 10:17:40.554982
The Next Penelope,Mostly Positive,5,104,-80%,"2,79","13,99","29 May, 2015",True,False,True,2019-10-22 10:17:40.554982
In The Shadows,Positive,6,13,-40%,"7,97","13,29","20 Oct, 2017",True,True,True,2019-10-22 10:17:40.554982
Journey of a Roach,Very Positive,7,872,-86%,"0,97","6,99","4 Nov, 2013",True,True,True,2019-10-22 10:17:40.554982
Dino Run DX,Very Positive,7,469,-66%,"2,03","5,99","29 Sep, 2015",True,False,True,2019-10-22 10:17:40.554982
Drunk On Nectar - The Nature Simulator,Very Positive,7,61,-20%,"9,99","12,49","16 Nov, 2016",True,True,False,2019-10-22 10:17:40.554982
LEAVES - The Return,Very Positive,7,57,-80%,"1,59","7,99","14 Mar, 2017",True,False,True,2019-10-22 10:17:40.554982
Post Master,Mixed,4,142,-70%,"1,49","4,99","7 Mar, 2014",True,False,True,2019-10-22 10:17:40.554982
Dead Effect,Mostly Positive,5,"2,383",-80%,"0,99","4,99","17 Dec, 2014",True,False,True,2019-10-22 10:17:40.554982
Ghostory,Positive,6,15,-75%,"1,74","6,99","23 Oct, 2017",True,True,True,2019-10-22 10:17:40.554982
前程似锦 Excellent Expectations,Very Positive,7,557,-27%,"2,18","2,99","21 Dec, 2017",True,False,True,2019-10-22 10:17:40.554982
Demons with Shotguns,Positive,6,16,-75%,"2,49","9,99","25 Apr, 2016",True,False,True,2019-10-22 10:17:40.554982
Putrefaction 2: Void Walker,Mostly Positive,5,179,-87%,"0,64","4,99","29 May, 2017",True,False,False,2019-10-22 10:17:40.554982
Morphopolis,Very Positive,7,"4,229",-80%,"0,65","3,29","14 Aug, 2014",True,False,False,2019-10-22 10:17:40.554982
